{
  "passive": [
    {
      "ra": 60.3291551984, 
      "cm": [
        {
          "section": "soma", 
          "cm": 1.0
        }, 
        {
          "section": "axon", 
          "cm": 1.0
        }, 
        {
          "section": "dend", 
          "cm": 2.040851513206537
        }, 
        {
          "section": "apic", 
          "cm": 2.040851513206537
        }
      ], 
      "e_pas": -81.33479309082031
    }
  ], 
  "fitting": [
    {
      "junction_potential": -14.0, 
      "sweeps": [
        41
      ]
    }
  ], 
  "conditions": [
    {
      "celsius": 34.0, 
      "erev": [
        {
          "ena": 53.0, 
          "section": "soma", 
          "ek": -107.0
        }
      ], 
      "v_init": -81.33479309082031
    }
  ], 
  "genome": [
    {
      "section": "soma", 
      "name": "gbar_Im", 
      "value": 1.581496361501133e-05, 
      "mechanism": "Im"
    }, 
    {
      "section": "soma", 
      "name": "gbar_Ih", 
      "value": 0.00047693812599122965, 
      "mechanism": "Ih"
    }, 
    {
      "section": "soma", 
      "name": "gbar_NaTs", 
      "value": 0.72331112456275415, 
      "mechanism": "NaTs"
    }, 
    {
      "section": "soma", 
      "name": "gbar_Nap", 
      "value": 1.5182188679699339e-06, 
      "mechanism": "Nap"
    }, 
    {
      "section": "soma", 
      "name": "gbar_K_P", 
      "value": 0.038242186111313775, 
      "mechanism": "K_P"
    }, 
    {
      "section": "soma", 
      "name": "gbar_K_T", 
      "value": 0.0055175436933658298, 
      "mechanism": "K_T"
    }, 
    {
      "section": "soma", 
      "name": "gbar_SK", 
      "value": 0.00095334758951873266, 
      "mechanism": "SK"
    }, 
    {
      "section": "soma", 
      "name": "gbar_Kv3_1", 
      "value": 0.11843435594266605, 
      "mechanism": "Kv3_1"
    }, 
    {
      "section": "soma", 
      "name": "gbar_Ca_HVA", 
      "value": 1.8252265556179203e-05, 
      "mechanism": "Ca_HVA"
    }, 
    {
      "section": "soma", 
      "name": "gbar_Ca_LVA", 
      "value": 1.8366331300320727e-06, 
      "mechanism": "Ca_LVA"
    }, 
    {
      "section": "soma", 
      "name": "gamma_CaDynamics", 
      "value": 0.026168675596953902, 
      "mechanism": "CaDynamics"
    }, 
    {
      "section": "soma", 
      "name": "decay_CaDynamics", 
      "value": 631.73251428194158, 
      "mechanism": "CaDynamics"
    }, 
    {
      "section": "soma", 
      "name": "g_pas", 
      "value": 0.00068487813460492062, 
      "mechanism": ""
    }, 
    {
      "section": "axon", 
      "name": "g_pas", 
      "value": 0.00083828992572845698, 
      "mechanism": ""
    }, 
    {
      "section": "dend", 
      "name": "g_pas", 
      "value": 1.0079447302955783e-07, 
      "mechanism": ""
    }, 
    {
      "section": "apic", 
      "name": "g_pas", 
      "value": 1.903870922151489e-05, 
      "mechanism": ""
    }
  ]
}