{
  "passive": [
    {
      "ra": 30.8800495817, 
      "cm": [
        {
          "section": "soma", 
          "cm": 4.37184796398
        }, 
        {
          "section": "axon", 
          "cm": 4.37184796398
        }, 
        {
          "section": "dend", 
          "cm": 4.37184796398
        }
      ], 
      "e_pas": -84.20600128173828
    }
  ], 
  "fitting": [
    {
      "junction_potential": -14.0, 
      "sweeps": [
        40
      ]
    }
  ], 
  "conditions": [
    {
      "celsius": 34.0, 
      "erev": [
        {
          "ena": 53.0, 
          "section": "soma", 
          "ek": -107.0
        }
      ], 
      "v_init": -84.20600128173828
    }
  ], 
  "genome": [
    {
      "section": "soma", 
      "name": "gbar_Ih", 
      "value": 0.00048449004579097704, 
      "mechanism": "Ih"
    }, 
    {
      "section": "soma", 
      "name": "gbar_NaV", 
      "value": 0.16245225962327703, 
      "mechanism": "NaV"
    }, 
    {
      "section": "soma", 
      "name": "gbar_Kd", 
      "value": 1.3899198528233292e-08, 
      "mechanism": "Kd"
    }, 
    {
      "section": "soma", 
      "name": "gbar_Kv2like", 
      "value": 2.7082611650693089e-08, 
      "mechanism": "Kv2like"
    }, 
    {
      "section": "soma", 
      "name": "gbar_Kv3_1", 
      "value": 1.1736212753788764, 
      "mechanism": "Kv3_1"
    }, 
    {
      "section": "soma", 
      "name": "gbar_K_T", 
      "value": 0.017917163433892574, 
      "mechanism": "K_T"
    }, 
    {
      "section": "soma", 
      "name": "gbar_Im_v2", 
      "value": 4.8104686850051539e-06, 
      "mechanism": "Im_v2"
    }, 
    {
      "section": "soma", 
      "name": "gbar_SK", 
      "value": 8.1525124598426299e-09, 
      "mechanism": "SK"
    }, 
    {
      "section": "soma", 
      "name": "gbar_Ca_HVA", 
      "value": 0.00078431227403331146, 
      "mechanism": "Ca_HVA"
    }, 
    {
      "section": "soma", 
      "name": "gbar_Ca_LVA", 
      "value": 0.0091860718590671044, 
      "mechanism": "Ca_LVA"
    }, 
    {
      "section": "soma", 
      "name": "gamma_CaDynamics", 
      "value": 0.0082790839105113725, 
      "mechanism": "CaDynamics"
    }, 
    {
      "section": "soma", 
      "name": "decay_CaDynamics", 
      "value": 289.95721324879293, 
      "mechanism": "CaDynamics"
    }, 
    {
      "section": "soma", 
      "name": "g_pas", 
      "value": 9.4547394982778872e-07, 
      "mechanism": ""
    }, 
    {
      "section": "axon", 
      "name": "g_pas", 
      "value": 3.0887375474399948e-05, 
      "mechanism": ""
    }, 
    {
      "section": "dend", 
      "name": "g_pas", 
      "value": 1.0118024417121337e-07, 
      "mechanism": ""
    }
  ]
}