{
  "passive": [
    {
      "ra": 252.857063561, 
      "cm": [
        {
          "section": "soma", 
          "cm": 1.0
        }, 
        {
          "section": "axon", 
          "cm": 1.0
        }, 
        {
          "section": "dend", 
          "cm": 1.9924621322680456
        }, 
        {
          "section": "apic", 
          "cm": 1.9924621322680456
        }
      ], 
      "e_pas": -94.37059020996094
    }
  ], 
  "fitting": [
    {
      "junction_potential": -14.0, 
      "sweeps": [
        36
      ]
    }
  ], 
  "conditions": [
    {
      "celsius": 34.0, 
      "erev": [
        {
          "ena": 53.0, 
          "section": "soma", 
          "ek": -107.0
        }
      ], 
      "v_init": -94.37059020996094
    }
  ], 
  "genome": [
    {
      "section": "soma", 
      "name": "gbar_Im", 
      "value": 0.0009579081668102202, 
      "mechanism": "Im"
    }, 
    {
      "section": "soma", 
      "name": "gbar_Ih", 
      "value": 7.0418452389727285e-10, 
      "mechanism": "Ih"
    }, 
    {
      "section": "soma", 
      "name": "gbar_NaTs", 
      "value": 0.49557975420681122, 
      "mechanism": "NaTs"
    }, 
    {
      "section": "soma", 
      "name": "gbar_Nap", 
      "value": 0.0009026465264483322, 
      "mechanism": "Nap"
    }, 
    {
      "section": "soma", 
      "name": "gbar_K_P", 
      "value": 0.056714879455196446, 
      "mechanism": "K_P"
    }, 
    {
      "section": "soma", 
      "name": "gbar_K_T", 
      "value": 0.00017025755359834083, 
      "mechanism": "K_T"
    }, 
    {
      "section": "soma", 
      "name": "gbar_SK", 
      "value": 0.0084588500852883376, 
      "mechanism": "SK"
    }, 
    {
      "section": "soma", 
      "name": "gbar_Kv3_1", 
      "value": 0.14993941681786543, 
      "mechanism": "Kv3_1"
    }, 
    {
      "section": "soma", 
      "name": "gbar_Ca_HVA", 
      "value": 0.00065432981260370995, 
      "mechanism": "Ca_HVA"
    }, 
    {
      "section": "soma", 
      "name": "gbar_Ca_LVA", 
      "value": 0.004707857972435594, 
      "mechanism": "Ca_LVA"
    }, 
    {
      "section": "soma", 
      "name": "gamma_CaDynamics", 
      "value": 0.00030485303802985368, 
      "mechanism": "CaDynamics"
    }, 
    {
      "section": "soma", 
      "name": "decay_CaDynamics", 
      "value": 416.33586137090276, 
      "mechanism": "CaDynamics"
    }, 
    {
      "section": "soma", 
      "name": "g_pas", 
      "value": 0.00015987010272244576, 
      "mechanism": ""
    }, 
    {
      "section": "axon", 
      "name": "g_pas", 
      "value": 0.00099357020073033799, 
      "mechanism": ""
    }, 
    {
      "section": "dend", 
      "name": "g_pas", 
      "value": 3.1969125694560908e-06, 
      "mechanism": ""
    }, 
    {
      "section": "apic", 
      "name": "g_pas", 
      "value": 1.0255832489002382e-07, 
      "mechanism": ""
    }
  ]
}