{
  "passive": [
    {
      "ra": 85.0513231403, 
      "cm": [
        {
          "section": "soma", 
          "cm": 1.0
        }, 
        {
          "section": "axon", 
          "cm": 1.0
        }, 
        {
          "section": "dend", 
          "cm": 2.705006978014525
        }, 
        {
          "section": "apic", 
          "cm": 2.705006978014525
        }
      ], 
      "e_pas": -90.83724212646484
    }
  ], 
  "fitting": [
    {
      "junction_potential": -14.0, 
      "sweeps": [
        50
      ]
    }
  ], 
  "conditions": [
    {
      "celsius": 34.0, 
      "erev": [
        {
          "ena": 53.0, 
          "section": "soma", 
          "ek": -107.0
        }
      ], 
      "v_init": -90.83724212646484
    }
  ], 
  "genome": [
    {
      "section": "soma", 
      "name": "gbar_Im", 
      "value": 0.00010009097472027384, 
      "mechanism": "Im"
    }, 
    {
      "section": "soma", 
      "name": "gbar_Ih", 
      "value": 0.015796905598374666, 
      "mechanism": "Ih"
    }, 
    {
      "section": "soma", 
      "name": "gbar_NaTs", 
      "value": 0.51601202711960337, 
      "mechanism": "NaTs"
    }, 
    {
      "section": "soma", 
      "name": "gbar_Nap", 
      "value": 0.001077121989201929, 
      "mechanism": "Nap"
    }, 
    {
      "section": "soma", 
      "name": "gbar_K_P", 
      "value": 7.4088659651749822e-09, 
      "mechanism": "K_P"
    }, 
    {
      "section": "soma", 
      "name": "gbar_K_T", 
      "value": 0.016319761574809438, 
      "mechanism": "K_T"
    }, 
    {
      "section": "soma", 
      "name": "gbar_SK", 
      "value": 0.021550491473595779, 
      "mechanism": "SK"
    }, 
    {
      "section": "soma", 
      "name": "gbar_Kv3_1", 
      "value": 0.23853438876448074, 
      "mechanism": "Kv3_1"
    }, 
    {
      "section": "soma", 
      "name": "gbar_Ca_HVA", 
      "value": 0.00096425552304568599, 
      "mechanism": "Ca_HVA"
    }, 
    {
      "section": "soma", 
      "name": "gbar_Ca_LVA", 
      "value": 0.0092224393687159577, 
      "mechanism": "Ca_LVA"
    }, 
    {
      "section": "soma", 
      "name": "gamma_CaDynamics", 
      "value": 6.0148741645749128e-05, 
      "mechanism": "CaDynamics"
    }, 
    {
      "section": "soma", 
      "name": "decay_CaDynamics", 
      "value": 873.51686935023349, 
      "mechanism": "CaDynamics"
    }, 
    {
      "section": "soma", 
      "name": "g_pas", 
      "value": 0.00010143474299458527, 
      "mechanism": ""
    }, 
    {
      "section": "axon", 
      "name": "g_pas", 
      "value": 0.0003326925271137089, 
      "mechanism": ""
    }, 
    {
      "section": "dend", 
      "name": "g_pas", 
      "value": 0.00027472439852712488, 
      "mechanism": ""
    }, 
    {
      "section": "apic", 
      "name": "g_pas", 
      "value": 0.00063080807709205524, 
      "mechanism": ""
    }
  ]
}