{
  "passive": [
    {
      "ra": 77.3261096931, 
      "cm": [
        {
          "section": "soma", 
          "cm": 2.01740445608
        }, 
        {
          "section": "axon", 
          "cm": 2.01740445608
        }, 
        {
          "section": "dend", 
          "cm": 2.01740445608
        }
      ], 
      "e_pas": -97.63375663757324
    }
  ], 
  "fitting": [
    {
      "junction_potential": -14.0, 
      "sweeps": [
        52, 
        53, 
        54, 
        55
      ]
    }
  ], 
  "conditions": [
    {
      "celsius": 34.0, 
      "erev": [
        {
          "ena": 53.0, 
          "section": "soma", 
          "ek": -107.0
        }
      ], 
      "v_init": -97.63375663757324
    }
  ], 
  "genome": [
    {
      "section": "soma", 
      "name": "gbar_Ih", 
      "value": 2.813545106858929e-11, 
      "mechanism": "Ih"
    }, 
    {
      "section": "soma", 
      "name": "gbar_NaV", 
      "value": 0.10829057192242642, 
      "mechanism": "NaV"
    }, 
    {
      "section": "soma", 
      "name": "gbar_Kd", 
      "value": 1.7029496701681524e-09, 
      "mechanism": "Kd"
    }, 
    {
      "section": "soma", 
      "name": "gbar_Kv2like", 
      "value": 0.080755417073952507, 
      "mechanism": "Kv2like"
    }, 
    {
      "section": "soma", 
      "name": "gbar_Kv3_1", 
      "value": 0.59926694286568938, 
      "mechanism": "Kv3_1"
    }, 
    {
      "section": "soma", 
      "name": "gbar_K_T", 
      "value": 1.0405800733905989e-07, 
      "mechanism": "K_T"
    }, 
    {
      "section": "soma", 
      "name": "gbar_Im_v2", 
      "value": 0.0061705798672045649, 
      "mechanism": "Im_v2"
    }, 
    {
      "section": "soma", 
      "name": "gbar_SK", 
      "value": 6.6073175032387417e-05, 
      "mechanism": "SK"
    }, 
    {
      "section": "soma", 
      "name": "gbar_Ca_HVA", 
      "value": 0.00018602509713614123, 
      "mechanism": "Ca_HVA"
    }, 
    {
      "section": "soma", 
      "name": "gbar_Ca_LVA", 
      "value": 0.0051465851794292375, 
      "mechanism": "Ca_LVA"
    }, 
    {
      "section": "soma", 
      "name": "gamma_CaDynamics", 
      "value": 0.0065284631463412802, 
      "mechanism": "CaDynamics"
    }, 
    {
      "section": "soma", 
      "name": "decay_CaDynamics", 
      "value": 999.92157696462027, 
      "mechanism": "CaDynamics"
    }, 
    {
      "section": "soma", 
      "name": "g_pas", 
      "value": 0.0002687658733895617, 
      "mechanism": ""
    }, 
    {
      "section": "axon", 
      "name": "g_pas", 
      "value": 3.8808438799565936e-05, 
      "mechanism": ""
    }, 
    {
      "section": "dend", 
      "name": "g_pas", 
      "value": 1.0072074222318115e-07, 
      "mechanism": ""
    }
  ]
}