{
  "passive": [
    {
      "ra": 43.0409564216, 
      "cm": [
        {
          "section": "soma", 
          "cm": 1.0
        }, 
        {
          "section": "axon", 
          "cm": 1.0
        }, 
        {
          "section": "dend", 
          "cm": 4.321695548313468
        }, 
        {
          "section": "apic", 
          "cm": 4.321695548313468
        }
      ], 
      "e_pas": -88.64778518676758
    }
  ], 
  "fitting": [
    {
      "junction_potential": -14.0, 
      "sweeps": [
        87, 
        88, 
        89, 
        90
      ]
    }
  ], 
  "conditions": [
    {
      "celsius": 34.0, 
      "erev": [
        {
          "ena": 53.0, 
          "section": "soma", 
          "ek": -107.0
        }
      ], 
      "v_init": -88.64778518676758
    }
  ], 
  "genome": [
    {
      "section": "soma", 
      "name": "gbar_Im", 
      "value": 4.9315187350407186e-08, 
      "mechanism": "Im"
    }, 
    {
      "section": "soma", 
      "name": "gbar_Ih", 
      "value": 6.4323392738485642e-06, 
      "mechanism": "Ih"
    }, 
    {
      "section": "soma", 
      "name": "gbar_NaTs", 
      "value": 0.49764736255834441, 
      "mechanism": "NaTs"
    }, 
    {
      "section": "soma", 
      "name": "gbar_Nap", 
      "value": 0.00011832438014616788, 
      "mechanism": "Nap"
    }, 
    {
      "section": "soma", 
      "name": "gbar_K_P", 
      "value": 0.02093303323896091, 
      "mechanism": "K_P"
    }, 
    {
      "section": "soma", 
      "name": "gbar_K_T", 
      "value": 1.0012606831018484e-05, 
      "mechanism": "K_T"
    }, 
    {
      "section": "soma", 
      "name": "gbar_SK", 
      "value": 0.0006622520549230404, 
      "mechanism": "SK"
    }, 
    {
      "section": "soma", 
      "name": "gbar_Kv3_1", 
      "value": 0.083914752333898085, 
      "mechanism": "Kv3_1"
    }, 
    {
      "section": "soma", 
      "name": "gbar_Ca_HVA", 
      "value": 0.00023722462878725503, 
      "mechanism": "Ca_HVA"
    }, 
    {
      "section": "soma", 
      "name": "gbar_Ca_LVA", 
      "value": 0.00085504540068592153, 
      "mechanism": "Ca_LVA"
    }, 
    {
      "section": "soma", 
      "name": "gamma_CaDynamics", 
      "value": 0.0040125427693741937, 
      "mechanism": "CaDynamics"
    }, 
    {
      "section": "soma", 
      "name": "decay_CaDynamics", 
      "value": 545.08712317337313, 
      "mechanism": "CaDynamics"
    }, 
    {
      "section": "soma", 
      "name": "g_pas", 
      "value": 1.5748272938952603e-05, 
      "mechanism": ""
    }, 
    {
      "section": "axon", 
      "name": "g_pas", 
      "value": 0.00045495201789626835, 
      "mechanism": ""
    }, 
    {
      "section": "dend", 
      "name": "g_pas", 
      "value": 6.542840291708015e-05, 
      "mechanism": ""
    }, 
    {
      "section": "apic", 
      "name": "g_pas", 
      "value": 9.2846334912381362e-06, 
      "mechanism": ""
    }
  ]
}