{
  "passive": [
    {
      "ra": 216.586143538, 
      "cm": [
        {
          "section": "soma", 
          "cm": 1.0
        }, 
        {
          "section": "axon", 
          "cm": 1.0
        }, 
        {
          "section": "dend", 
          "cm": 4.5144175216334785
        }, 
        {
          "section": "apic", 
          "cm": 4.5144175216334785
        }
      ], 
      "e_pas": -81.5408821105957
    }
  ], 
  "fitting": [
    {
      "junction_potential": -14.0, 
      "sweeps": [
        60, 
        61, 
        62, 
        63
      ]
    }
  ], 
  "conditions": [
    {
      "celsius": 34.0, 
      "erev": [
        {
          "ena": 53.0, 
          "section": "soma", 
          "ek": -107.0
        }
      ], 
      "v_init": -81.5408821105957
    }
  ], 
  "genome": [
    {
      "section": "soma", 
      "name": "gbar_Ih", 
      "value": 0.00025624802663424629, 
      "mechanism": "Ih"
    }, 
    {
      "section": "soma", 
      "name": "gbar_NaV", 
      "value": 0.17310011472216991, 
      "mechanism": "NaV"
    }, 
    {
      "section": "soma", 
      "name": "gbar_Kd", 
      "value": 0.00061919653392614399, 
      "mechanism": "Kd"
    }, 
    {
      "section": "soma", 
      "name": "gbar_Kv2like", 
      "value": 0.020256305740186366, 
      "mechanism": "Kv2like"
    }, 
    {
      "section": "soma", 
      "name": "gbar_Kv3_1", 
      "value": 0.079632896325325081, 
      "mechanism": "Kv3_1"
    }, 
    {
      "section": "soma", 
      "name": "gbar_K_T", 
      "value": 0.00013088931872753343, 
      "mechanism": "K_T"
    }, 
    {
      "section": "soma", 
      "name": "gbar_Im_v2", 
      "value": 4.1641829693225834e-06, 
      "mechanism": "Im_v2"
    }, 
    {
      "section": "soma", 
      "name": "gbar_SK", 
      "value": 0.0021958673372469437, 
      "mechanism": "SK"
    }, 
    {
      "section": "soma", 
      "name": "gbar_Ca_HVA", 
      "value": 0.00014757869576645832, 
      "mechanism": "Ca_HVA"
    }, 
    {
      "section": "soma", 
      "name": "gbar_Ca_LVA", 
      "value": 0.0016456025230152883, 
      "mechanism": "Ca_LVA"
    }, 
    {
      "section": "soma", 
      "name": "gamma_CaDynamics", 
      "value": 0.0016951650226467872, 
      "mechanism": "CaDynamics"
    }, 
    {
      "section": "soma", 
      "name": "decay_CaDynamics", 
      "value": 930.67157880808543, 
      "mechanism": "CaDynamics"
    }, 
    {
      "section": "soma", 
      "name": "g_pas", 
      "value": 0.00037746062953188732, 
      "mechanism": ""
    }, 
    {
      "section": "axon", 
      "name": "g_pas", 
      "value": 0.00040236698871598845, 
      "mechanism": ""
    }, 
    {
      "section": "dend", 
      "name": "g_pas", 
      "value": 0.00056569352453621831, 
      "mechanism": ""
    }, 
    {
      "section": "apic", 
      "name": "g_pas", 
      "value": 2.5072960164108509e-06, 
      "mechanism": ""
    }
  ]
}