{
  "passive": [
    {
      "ra": 45.8032400748, 
      "cm": [
        {
          "section": "soma", 
          "cm": 1.0
        }, 
        {
          "section": "axon", 
          "cm": 1.0
        }, 
        {
          "section": "dend", 
          "cm": 3.989483623121602
        }, 
        {
          "section": "apic", 
          "cm": 3.989483623121602
        }
      ], 
      "e_pas": -91.75133895874023
    }
  ], 
  "fitting": [
    {
      "junction_potential": -14.0, 
      "sweeps": [
        64, 
        65, 
        66, 
        63
      ]
    }
  ], 
  "conditions": [
    {
      "celsius": 34.0, 
      "erev": [
        {
          "ena": 53.0, 
          "section": "soma", 
          "ek": -107.0
        }
      ], 
      "v_init": -91.75133895874023
    }
  ], 
  "genome": [
    {
      "section": "soma", 
      "name": "gbar_Im", 
      "value": 0.00015769673096241519, 
      "mechanism": "Im"
    }, 
    {
      "section": "soma", 
      "name": "gbar_Ih", 
      "value": 6.0679105921002121e-07, 
      "mechanism": "Ih"
    }, 
    {
      "section": "soma", 
      "name": "gbar_NaTs", 
      "value": 0.50761331976499069, 
      "mechanism": "NaTs"
    }, 
    {
      "section": "soma", 
      "name": "gbar_Nap", 
      "value": 0.00096334927104668668, 
      "mechanism": "Nap"
    }, 
    {
      "section": "soma", 
      "name": "gbar_K_P", 
      "value": 0.093739799901252002, 
      "mechanism": "K_P"
    }, 
    {
      "section": "soma", 
      "name": "gbar_K_T", 
      "value": 0.0024412558196943816, 
      "mechanism": "K_T"
    }, 
    {
      "section": "soma", 
      "name": "gbar_SK", 
      "value": 0.001396690316808346, 
      "mechanism": "SK"
    }, 
    {
      "section": "soma", 
      "name": "gbar_Kv3_1", 
      "value": 0.16106775310591034, 
      "mechanism": "Kv3_1"
    }, 
    {
      "section": "soma", 
      "name": "gbar_Ca_HVA", 
      "value": 0.00068880116440593901, 
      "mechanism": "Ca_HVA"
    }, 
    {
      "section": "soma", 
      "name": "gbar_Ca_LVA", 
      "value": 0.0071566279087590936, 
      "mechanism": "Ca_LVA"
    }, 
    {
      "section": "soma", 
      "name": "gamma_CaDynamics", 
      "value": 0.00035006146623640932, 
      "mechanism": "CaDynamics"
    }, 
    {
      "section": "soma", 
      "name": "decay_CaDynamics", 
      "value": 908.24140797943505, 
      "mechanism": "CaDynamics"
    }, 
    {
      "section": "soma", 
      "name": "g_pas", 
      "value": 0.00013969873585652462, 
      "mechanism": ""
    }, 
    {
      "section": "axon", 
      "name": "g_pas", 
      "value": 5.0355149608116206e-06, 
      "mechanism": ""
    }, 
    {
      "section": "dend", 
      "name": "g_pas", 
      "value": 2.8241571366753742e-07, 
      "mechanism": ""
    }, 
    {
      "section": "apic", 
      "name": "g_pas", 
      "value": 0.00024087740237299966, 
      "mechanism": ""
    }
  ]
}