{
  "passive": [
    {
      "ra": 100.0, 
      "cm": [
        {
          "section": "soma", 
          "cm": 1.0
        }, 
        {
          "section": "axon", 
          "cm": 1.0
        }, 
        {
          "section": "dend", 
          "cm": 3.483927987087729
        }, 
        {
          "section": "apic", 
          "cm": 3.483927987087729
        }
      ], 
      "e_pas": -93.50987434387207
    }
  ], 
  "fitting": [
    {
      "junction_potential": -14.0, 
      "sweeps": [
        70, 
        71, 
        72, 
        73
      ]
    }
  ], 
  "conditions": [
    {
      "celsius": 34.0, 
      "erev": [
        {
          "ena": 53.0, 
          "section": "soma", 
          "ek": -107.0
        }
      ], 
      "v_init": -93.50987434387207
    }
  ], 
  "genome": [
    {
      "section": "soma", 
      "name": "gbar_Ih", 
      "value": 1.0413294966983913e-10, 
      "mechanism": "Ih"
    }, 
    {
      "section": "soma", 
      "name": "gbar_NaV", 
      "value": 0.14298826908295928, 
      "mechanism": "NaV"
    }, 
    {
      "section": "soma", 
      "name": "gbar_Kd", 
      "value": 5.6760946640354096e-05, 
      "mechanism": "Kd"
    }, 
    {
      "section": "soma", 
      "name": "gbar_Kv2like", 
      "value": 0.16027393116529398, 
      "mechanism": "Kv2like"
    }, 
    {
      "section": "soma", 
      "name": "gbar_Kv3_1", 
      "value": 0.26082598112804734, 
      "mechanism": "Kv3_1"
    }, 
    {
      "section": "soma", 
      "name": "gbar_K_T", 
      "value": 3.1129264499440978e-05, 
      "mechanism": "K_T"
    }, 
    {
      "section": "soma", 
      "name": "gbar_Im_v2", 
      "value": 0.00040136729794953215, 
      "mechanism": "Im_v2"
    }, 
    {
      "section": "soma", 
      "name": "gbar_SK", 
      "value": 0.0017292287507198745, 
      "mechanism": "SK"
    }, 
    {
      "section": "soma", 
      "name": "gbar_Ca_HVA", 
      "value": 0.0005904080529407199, 
      "mechanism": "Ca_HVA"
    }, 
    {
      "section": "soma", 
      "name": "gbar_Ca_LVA", 
      "value": 1.2977865706066405e-05, 
      "mechanism": "Ca_LVA"
    }, 
    {
      "section": "soma", 
      "name": "gamma_CaDynamics", 
      "value": 0.0029898328282741424, 
      "mechanism": "CaDynamics"
    }, 
    {
      "section": "soma", 
      "name": "decay_CaDynamics", 
      "value": 983.63352025079485, 
      "mechanism": "CaDynamics"
    }, 
    {
      "section": "soma", 
      "name": "g_pas", 
      "value": 0.00099997636688728669, 
      "mechanism": ""
    }, 
    {
      "section": "axon", 
      "name": "g_pas", 
      "value": 8.8821111332374264e-06, 
      "mechanism": ""
    }, 
    {
      "section": "dend", 
      "name": "g_pas", 
      "value": 3.3284203288746285e-05, 
      "mechanism": ""
    }, 
    {
      "section": "apic", 
      "name": "g_pas", 
      "value": 6.2119799324945323e-05, 
      "mechanism": ""
    }
  ]
}